"id","選手","名前(フリガナ)","ロングリスト","所属部門","team_id","team","pos1","pos2","pos3","投","打","身長","体重","年齢","生年月日","編成","選手登録状態","出場枠","対象年度","指名チーム","ドラフト巡","出身チーム","入団年度","本年度登録","通算登録","通算登録(日)","最新通算登録","最新通算登録(日)","FA日数","FA日数(日)","最新FA日数","最新FA日数(日)","国内FA権","残日数（国内）","最新残日数（国内）","海外FA権","残日数（海外）","最新残日数（海外）","評S","現在評価","現在評価最高","将来評価","将来評価最高","2015年予想","2016年予想","2017年予想","2018年予想","フル数","所属リーグ","短縮名","英語表示名","正式名称","real_name","real_name_furigana","real_name_in_english","担当スカウト1","担当スカウト2","担当スカウト3","国籍","現所属チーム","前所属チーム","２つ前所属チーム","F-ID","BR-ID","ホームタウン","NPB選手ID","プロ志望届","2015年予想最高","2016年予想最高","2017年予想最高","2018年予想最高","MLBcom選手ID","2019年予想","2020年予想","2021年予想","2022年予想","2023年予想","2024年予想","2025年予想","2026年予想","2027年予想","2028年予想","2019年予想最高","2020年予想最高","2021年予想最高","2022年予想最高","2023年予想最高","2024年予想最高","2025年予想最高","2026年予想最高","2027年予想最高","2028年予想最高","育成⇒支配下契約日","支配下⇒育成契約日","翌三末時点年齢","背番号"
"1073230416","ブラッシュ","ジャバリ　ブラッシュ","プロ(楽天)","楽天","210606393","楽天","外野手","右翼手","一塁手","右","右","196","106","30","1989-07-04","支配下","2軍","外国人選手(外国人枠)","2019","","外国人契約","","2019年","193","1年0日","145","1年0日","145","1年0日","145","1年0日","145","8年","1015","1015","9年","1160","1160","S2","0.0","","0.0","","0.0","0.0","0.0","0.0","0","パ・リーグ","ブラッシュ","Jabari Blash","","ジャバリ　ジェレル　ブラッシュ","ジャバリ　ジェレル　ブラッシュ","Jabari Jerell Blash","","","","アメリカ","楽天","Los Angeles(AL)","New York(AL)","11247","1108ea6a","0","23325138","","","","","","518466","0.0","0.0","0.0","0.0","0.0","0.0","0.0","0.0","0.0","0.0","","","","","","","","","","","","","30","69"
"1073218627","Luis Jimenez","ルイス　ヒメネス","プロ(楽天)","不明","1073686297","無所属","内野手","三塁手","指名打者","右","右","180","94","32","1988-01-18","登録なし","無所属","外国人選手(外国人枠)","2019","","外国人契約","","2019年","0","0日","0","0日","0","0日","0","0日","0","8年","1160","1160","9年","1305","1305","S","0.0","","0.0","","0.0","0.0","0.0","0.0","0","無所属","ヒメネス","Luis Jimenez","Luis Jimenez","ルイス　ヒメネス","ルイス　ヒメネス","Luis Domingo (Rodriguez) Jimenez","","","","ドミニカ共和国","無所属","楽天","無所属","6341","","0","43545138","","","","","","499864","0.0","0.0","0.0","0.0","0.0","0.0","0.0","0.0","0.0","0.0","","","","","","","","","","","2019-03-22","","32",""
"1073234590","ブセニッツ","アラン　ブセニッツ","プロ(楽天)","楽天","210606393","楽天","投手","中継ぎ","なし","右","右","185","81","29","1990-08-22","支配下","2軍","外国人選手(外国人枠)","2019","","外国人契約","","2019年","135","135日","135","135日","135","135日","135","135日","135","8年","1025","1025","9年","1170","1170","S","0.0","","0.0","","0.0","0.0","0.0","0.0","0","パ・リーグ","ブセニッツ","Alan Busenitz","","アラン　ブセニッツ","アラン　ブセニッツ","Alan Busenitz","","","","アメリカ","楽天","無所属","Minnesota","15239","","0","03305138","","","","","","","0.0","0.0","0.0","0.0","0.0","0.0","0.0","0.0","0.0","0.0","","","","","","","","","","","","","29","32"
"1073235807","王　彦程","ワン・イェンチェン","プロ(楽天)","楽天","210606393","楽天","投手","先発","なし","左","左","180","82","18","2001-02-14","育成","2軍","外国人選手(外国人枠)","2019","","外国人契約","","2019年","","","","0日","0","","","0日","0","8年","","1160","9年","","1305","S","0.0","","0.0","","0.0","0.0","0.0","0.0","0","パ・リーグ","王","Yan Cheng Wang","","王　彦程","ワン　エンチェン","Wang Yan Cheng","","","","台湾","楽天","18U 台湾代表","","","","0","","","","","","","","0.0","0.0","0.0","0.0","0.0","0.0","0.0","0.0","0.0","0.0","","","","","","","","","","","","","19","017"
"1073217715","銀次","ギンジ","プロ(楽天)","楽天","210606393","楽天","内野手","一塁手","二塁手","右","左","174","78","31","1988-02-24","支配下","2軍","日本人選手","2019","楽天","高校生ドラフト3巡目","盛岡中央","2006年","193","8年72日","1232","8年72日","1232","8年72日","1232","8年72日","1232","8年","0","0","9年","73","73","N","37.5","45","45.0","45","45.0","45.0","45.0","45.0","2","パ・リーグ","銀次","Ginji","銀次","赤見内　銀次","アカミナイ　ギンジ","Ginji Akaminai","","","","日本","楽天","盛岡中央","","","","1","71375112","","45","45","45","45","","0.0","0.0","0.0","0.0","0.0","0.0","0.0","0.0","0.0","0.0","","","","","","","","","","","","","32","33"
"1073217690","藤田　一也","フジタ　カズヤ","プロ(楽天)","楽天","210606393","楽天","内野手","二塁手","三塁手","右","左","175","75","37","1982-07-03","支配下","2軍","日本人選手","2019","横浜","ドラフト4巡目","近畿大","2005年","129","14年6日","2036","14年6日","2036","14年6日","2036","14年6日","2036","8年","0","0","9年","0","0","N","35.0","40","45.0","45","40.0","35.0","30.0","25.0","2","パ・リーグ","藤田","Kazuya Fujita","藤田　一也","藤田　一也","フジタ　カズヤ","Kazuya Fujita","","","","日本","楽天","横浜","近畿大","","","0","21225110","","40","35","30","25","","0.0","0.0","0.0","0.0","0.0","0.0","0.0","0.0","0.0","0.0","","","","","","","","","","","","","37","6"
"1073217709","岡島　豪郎","オカジマ　タケロウ","プロ(楽天)","楽天","210606393","楽天","捕手","捕手","左翼手","右","左","176","82","30","1989-09-07","支配下","2軍","日本人選手","2019","楽天","ドラフト4位","白鷗大","2012年","0","6年20日","890","6年20日","890","6年20日","890","6年20日","890","7年","125","125","9年","415","415","N","27.5","35","45.0","45","40.0","45.0","45.0","45.0","2","パ・リーグ","岡島","Takero Okajima","岡島　豪郎","岡島　豪郎","オカジマ　タケロウ","Takero Okajima","","","","日本","楽天","白鷗大","関東学園大付","","","0","21325135","","40","45","45","45","","0.0","0.0","0.0","0.0","0.0","0.0","0.0","0.0","0.0","0.0","","","","","","","","","","","","","30","27"
"295781541","則本　昂大","ノリモト　タカヒロ","プロ(楽天)","楽天","210606393","楽天","投手","先発","中継ぎ","右","左","178","82","29","1990-12-17","支配下","2軍","日本人選手","2019","楽天","ドラフト2位","三重中京大","2013年","91","6年91日","961","6年91日","961","6年91日","961","6年91日","961","7年","54","54","9年","344","344","N","28.0","35","36.3","45","35.0","35.0","35.0","35.0","5","パ・リーグ","則本","Takahiro Norimoto","則本　昂大","則本　昂大","ノリモト　タカヒロ","Takahiro Norimoto","","","","日本","楽天","三重中京大","八幡商","","","0","51055137","","35","35","35","35","","0.0","0.0","0.0","0.0","0.0","0.0","0.0","0.0","0.0","0.0","","","","","","","","","","","","","29","14"
"1073216828","西宮　悠介","ニシミヤ　ユウスケ","プロ(楽天)","不明","1073686297","無所属","投手","中継ぎ","先発","左","左","180","80","28","1991-05-01","登録なし","無所属","日本人選手","2019","楽天","ドラフト5巡目","横浜商科大","2014年","50","2年128日","418","2年128日","418","2年128日","418","2年128日","418","7年","597","597","9年","887","887","N","15.0","25","20.0","20","35.0","30.0","30.0","20.0","3","無所属","西宮","Yusuke Nishimiya","西宮　悠介","西宮　悠介","ニシミヤ　ユウスケ","Yusuke Nishimiya","","","","日本","無所属","楽天","横浜商科大","","","0","21025139","","35","30","30","20","","0.0","0.0","0.0","0.0","0.0","0.0","0.0","0.0","0.0","0.0","","","","","","","","","","","","","28",""
"1073217118","橋本　到","ハシモト　イタル","プロ(楽天)","不明","1073686297","無所属","外野手","右翼手","中堅手","右","左","172","78","29","1990-04-28","登録なし","無所属","日本人選手","2019","巨人","ドラフト4位","仙台育英","2009年","40","4年94日","674","4年94日","674","4年94日","674","4年94日","674","8年","486","486","9年","631","631","N","26.7","30","35.0","40","35.0","35.0","40.0","40.0","3","無所属","橋本","Itaru Hashimoto","橋本　到","橋本　到","ハシモト　イタル","Itaru Hashimoto","","","","日本","無所属","楽天","巨人","","","1","51455118","","35","35","40","40","","0.0","0.0","0.0","0.0","0.0","0.0","0.0","0.0","0.0","0.0","","","","","","","","","","","","","29",""
"1073225778","ウィーラー","ゼラス　ウィーラー","プロ(楽天)","楽天","210606393","楽天","内野手","三塁手","なし","右","右","178","100","33","1987-01-16","支配下","2軍","外国人選手(外国人枠)","2019","","外国人契約","","2015年","161","4年134日","714","4年134日","714","4年134日","714","4年134日","714","8年","446","446","9年","591","591","N","31.7","35","0.0","","31.7","31.7","31.7","31.7","3","パ・リーグ","ウィーラー","Zelous Wheeler","Zelous Wheeler","ゼラス　ラマー　ウィーラー","ゼラス　ラマー　ウィーラー","Zelous Lamar Wheeler","","","","アメリカ","楽天","New York(AL)","Baltimore","8822","f77e45e1","0","03105130","","35","35","35","35","519412","0.0","0.0","0.0","0.0","0.0","0.0","0.0","0.0","0.0","0.0","","","","","","","","","","","","","33","40"
"1073216969","福山　博之","フクヤマ　ヒロユキ","プロ(楽天)","楽天","210606393","楽天","投手","中継ぎ","先発","右","右","172","70","30","1989-03-27","育成","2軍","日本人選手","2019","横浜","ドラフト6位","大阪商業大","2011年","31","6年40日","910","6年40日","910","6年40日","910","6年40日","910","7年","105","105","9年","395","395","N","20.0","30","15.0","15","30.0","30.0","25.0","25.0","2","パ・リーグ","福山","Hiroyuki Fukuyama","福山　博之","福山　博之","フクヤマ　ヒロユキ","Hiroyuki Fukuyama","","","","日本","楽天","無所属","楽天","","","0","71475133","","30","30","25","25","","0.0","0.0","0.0","0.0","0.0","0.0","0.0","0.0","0.0","0.0","","","","","","","","","","","","","31","164"
"1073217717","島内　宏明","シマウチ　ヒロアキ","プロ(楽天)","楽天","210606393","楽天","外野手","左翼手","右翼手","左","左","180","75","29","1990-02-02","支配下","2軍","日本人選手","2019","楽天","ドラフト6位","明治大","2012年","193","6年59日","929","6年59日","929","6年59日","929","6年59日","929","7年","86","86","9年","376","376","N","20.0","25","37.5","40","30.0","35.0","35.0","35.0","3","パ・リーグ","島内","Hiroaki Shimauchi","島内　宏明","島内　宏明","シマウチ　ヒロアキ","Hiroaki Shimauchi","","","","日本","楽天","明治大","星稜","","","0","71975135","","30","35","35","35","","0.0","0.0","0.0","0.0","0.0","0.0","0.0","0.0","0.0","0.0","","","","","","","","","","","","","30","35"
"1073217739","辛島　航","カラシマ　ワタル","プロ(楽天)","楽天","210606393","楽天","投手","先発","中継ぎ","左","左","173","72","29","1990-10-18","支配下","2軍","日本人選手","2019","楽天","ドラフト6位","飯塚","2009年","165","7年10日","1025","7年10日","1025","7年10日","1025","7年10日","1025","8年","135","135","9年","280","280","N","22.5","25","35.0","35","30.0","35.0","35.0","35.0","2","パ・リーグ","辛島","Wataru Karashima","辛島　航","辛島　航","カラシマ　ワタル","Wataru Karashima","","","","日本","楽天","飯塚","","","","0","01505118","","30","35","35","35","","0.0","0.0","0.0","0.0","0.0","0.0","0.0","0.0","0.0","0.0","","","","","","","","","","","","","29","58"
"1073221681","松井　裕樹","マツイ　ユウキ","プロ(楽天)","楽天","210606393","楽天","投手","抑え","先発","左","左","174","74","24","1995-10-30","支配下","2軍","日本人選手","2019","楽天","ドラフト1巡目","桐光学園","2014年","183","6年0日","870","6年0日","870","6年0日","870","6年0日","870","8年","290","290","9年","435","435","N","17.5","25","33.6","45","30.0","35.0","40.0","40.0","12","パ・リーグ","松井裕","Yuki Matsui","松井　裕樹","松井　裕樹","マツイ　ユウキ","Yuki Matsui","","","","日本","楽天","桐光学園","青葉緑東","","","0","81285139","","30","35","40","40","","0.0","0.0","0.0","0.0","0.0","0.0","0.0","0.0","0.0","0.0","","","","","","","","","","","","","24","1"
"908933387","足立　祐一","アダチ　ユウイチ","プロ(楽天)","楽天","210606393","楽天","捕手","捕手","なし","右","右","178","83","30","1989-09-22","支配下","2軍","日本人選手","2019","楽天","ドラフト6巡目","パナソニック","2016年","91","3年13日","448","3年13日","448","3年13日","448","3年13日","448","7年","567","567","9年","857","857","N","22.5","25","0.0","","25.0","30.0","30.0","33.8","4","パ・リーグ","足立","Yuichi Adachi","足立　祐一","足立　祐一","アダチ　ユウイチ","Yuichi Adachi","","","","日本","楽天","パナソニック","神奈川大","","","0","41145132","","25","30","30","35","","35.0","0.0","0.0","0.0","0.0","0.0","0.0","0.0","0.0","0.0","35","","","","","","","","","","","","30","44"
"1073217694","塩見　貴洋","シオミ　タカヒロ","プロ(楽天)","楽天","210606393","楽天","投手","先発","中継ぎ","左","左","182","77","31","1988-09-06","支配下","2軍","日本人選手","2019","楽天","ドラフト1位","八戸学院大","2011年","78","6年37日","907","6年37日","907","6年37日","907","6年37日","907","7年","108","108","9年","398","398","N","20.0","25","32.5","45","25.0","25.0","25.0","20.0","3","パ・リーグ","塩見","Takahiro Shiomi","塩見　貴洋","塩見　貴洋","シオミ　タカヒロ","Takahiro Shiomi","","","","日本","楽天","八戸学院大","帝京第五","","","0","11015133","","25","25","25","20","","0.0","0.0","0.0","0.0","0.0","0.0","0.0","0.0","0.0","0.0","","","","","","","","","","","","","31","17"
"1073217723","青山　浩二","アオヤマ　コウジ","プロ(楽天)","楽天","210606393","楽天","投手","中継ぎ","抑え","右","右","180","80","36","1983-08-12","支配下","2軍","日本人選手","2019","楽天","大学生・社会人ドラフト3巡目","八戸学院大","2006年","183","12年137日","1877","12年137日","1877","12年137日","1877","12年137日","1877","8年","0","0","9年","0","0","N","27.5","30","30.0","30","25.0","25.0","20.0","20.0","2","パ・リーグ","青山","Koji Aoyama","青山　浩二","青山　浩二","アオヤマ　コウジ","Koji Aoyama","","","","日本","楽天","八戸学院大","函館工","","","0","91195112","","25","25","20","20","","0.0","0.0","0.0","0.0","0.0","0.0","0.0","0.0","0.0","0.0","","","","","","","","","","","","","36","41"
"1073217090","久保　裕也","クボ　ユウヤ","プロ(楽天)","楽天","210606393","楽天","投手","中継ぎ","なし","右","右","177","78","39","1980-05-23","支配下","2軍","日本人選手","2019","巨人","ドラフト自由枠","東海大","2003年","90","10年30日","1480","10年30日","1480","10年30日","1480","10年30日","1480","8年","0","0","9年","0","0","N","20.0","20","0.0","","20.0","20.0","20.0","20.0","1","パ・リーグ","久保","Yuya Kubo","久保　裕也","久保　裕也","クボ　ユウヤ","Yuya Kubo","","","","日本","楽天","楽天","無所属","","","0","21725117","","20","20","20","20","","0.0","0.0","0.0","0.0","0.0","0.0","0.0","0.0","0.0","0.0","","","","","","","","","","","2018-05-05","2018-01-31","39","91"
"1073225188","フェルナンド","ルシアノ　フェルナンド","プロ(楽天)","楽天","210606393","楽天","外野手","左翼手","中堅手","右","右","175","79","27","1992-04-13","支配下","2軍","日本人選手","2019","楽天","ドラフト4巡目","白鷗大","2015年","34","138日","138","138日","138","138日","138","138日","138","8年","1022","1022","9年","1167","1167","N","17.5","20","0.0","","20.0","25.0","27.5","32.5","2","パ・リーグ","フェルナンド","Luciano Fernando","ルシアノ　フェルナンド","ルシアノ　フェルナンド","ルシアノ　フェルナンド","Luciano Fernando","","","","ブラジル","楽天","無所属","楽天","","","0","81485130","","20","25","30","35","","0.0","0.0","0.0","0.0","0.0","0.0","0.0","0.0","0.0","0.0","","","","","","","","","","","","","27","97"
"1073221672","安樂　智大","アンラク　トモヒロ","プロ(楽天)","楽天","210606393","楽天","投手","先発","なし","右","左","186","87","23","1996-11-04","支配下","2軍","日本人選手","2019","楽天","ドラフト1巡目","済美","2015年","","","","1年56日","201","","","1年56日","201","8年","","959","9年","","1104","N","11.7","15","0.0","","19.2","23.3","29.2","32.5","6","パ・リーグ","安樂","Tomohiro Anraku","安楽　智大","安樂　智大","アンラク　トモヒロ","Tomohiro Anraku","","","","日本","楽天","済美","松山クラブ","","","0","71175130","","30","30","40","45","","0.0","0.0","0.0","0.0","0.0","0.0","0.0","0.0","0.0","0.0","","","","","","","","","","","","","23","20"
"727031073","森　雄大","モリ　ユウダイ","プロ(楽天)","楽天","210606393","楽天","投手","先発","なし","左","左","184","74","25","1994-08-19","育成","2軍","日本人選手","2019","楽天","ドラフト1位","東福岡","2013年","0","1年16日","161","1年16日","161","1年16日","161","1年16日","161","8年","999","999","9年","1144","1144","N","15.0","25","40.8","50","15.0","20.0","25.0","30.0","7","パ・リーグ","森","Yudai Mori","森　雄大","森　雄大","モリ　ユウダイ","Yudai Mori","","","","日本","楽天","無所属","楽天","","","0","91495137","","15","20","25","30","","0.0","0.0","0.0","0.0","0.0","0.0","0.0","0.0","0.0","0.0","","","","","","","","","","","","","25","016"
"1048012780","下妻　貴寛","シモツマ　タカヒロ","プロ(楽天)","楽天","210606393","楽天","捕手","捕手","なし","右","右","186","85","25","1994-04-15","育成","2軍","日本人選手","2019","楽天","ドラフト4位","酒田南","2013年","0","94日","94","94日","94","94日","94","94日","94","8年","1066","1066","9年","1211","1211","N","9.4","15","30.0","35","15.0","20.0","25.0","30.0","8","パ・リーグ","下妻","Takahiro Shimotsuma","下妻　貴寛","下妻　貴寛","シモツマ　タカヒロ","Takahiro Shimotsuma","","","","日本","楽天","無所属","楽天","","","1","01705137","","15","20","25","30","","0.0","0.0","0.0","0.0","0.0","0.0","0.0","0.0","0.0","0.0","","","","","","","","","","","","","25","139"
"1073217704","戸村　健次","トムラ　ケンジ","プロ(楽天)","不明","1073686297","無所属","投手","先発","中継ぎ","右","右","185","76","32","1987-10-20","登録なし","無所属","日本人選手","2019","楽天","ドラフト1位","立教大","2010年","41","4年11日","591","4年11日","591","4年11日","591","4年11日","591","7年","424","424","9年","714","714","N","18.3","25","27.5","35","15.0","15.0","15.0","10.0","3","無所属","戸村","Kenji Tomura","戸村　健次","戸村　健次","トムラ　ケンジ","Kenji Tomura","","","","日本","無所属","楽天","立教大","","","0","81985131","","15","15","15","10","","0.0","0.0","0.0","0.0","0.0","0.0","0.0","0.0","0.0","0.0","","","","","","","","","","","","","32",""
"1073221756","島井　寛仁","シマイ　ヒロヒト","プロ(楽天)","不明","1073686297","無所属","外野手","左翼手","右翼手","右","右","174","70","29","1990-06-19","登録なし","無所属","日本人選手","2019","楽天","ドラフト5位","熊本ゴールデンラークス","2013年","38","1年31日","176","1年31日","176","1年31日","176","1年31日","176","7年","839","839","9年","1129","1129","N","12.5","20","23.3","35","15.0","15.0","15.0","15.0","4","無所属","島井","Hirohito Shimai","島井　寛仁","島井　寛仁","シマイ　ヒロヒト","Hirohito Shimai","","","","日本","無所属","楽天","無所属","","","0","71775137","","15","15","15","15","","0.0","0.0","0.0","0.0","0.0","0.0","0.0","0.0","0.0","0.0","","","","","","","","","","","2018-01-29","2017-01-30","29",""
"1073221790","内田　靖人","ウチダ　ヤスヒト","プロ(楽天)","楽天","210606393","楽天","内野手","三塁手","一塁手","右","右","185","86","24","1995-05-30","支配下","2軍","日本人選手","2019","楽天","ドラフト2巡目","常総学院","2014年","5","1年20日","165","1年20日","165","1年20日","165","1年20日","165","7年","850","850","9年","1140","1140","N","9.3","15","25.0","35","15.0","20.0","25.0","30.0","7","パ・リーグ","内田","Yasuhito Uchida","内田　靖人","内田　靖人","ウチダ　ヤスヒト","Yasuhito Uchida","","","","日本","楽天","常総学院","いわき松風クラブ（軟式）","","","1","01305139","","15","20","25","30","","0.0","0.0","0.0","0.0","0.0","0.0","0.0","0.0","0.0","0.0","","","","","","","","","","","","","24","36"
"1073224048","小郷　裕哉","オゴウ　ユウヤ","プロ(楽天)","楽天","210606393","楽天","外野手","右翼手","なし","右","左","178","85","23","1996-08-03","支配下","2軍","日本人選手","2019","楽天","ドラフト7位","立正大","2019年","58","58日","58","58日","58","58日","58","58日","58","7年","957","957","9年","1247","1247","N","15.0","20","0.0","","15.0","20.0","25.0","25.0","2","パ・リーグ","小郷","Yuya Ogo","小郷　裕哉","小郷　裕哉","オゴウ　ユウヤ","Yuya Ogo","","","","日本","楽天","立正大","関西","","","0","81385138","","15","20","25","25","","25.0","30.0","35.0","35.0","0.0","0.0","0.0","0.0","0.0","0.0","25","30","35","35","","","","","","","","","23","51"
"1073217703","釜田　佳直","カマタ　ヨシナオ","プロ(楽天)","楽天","210606393","楽天","投手","中継ぎ","先発","右","右","177","77","26","1993-10-26","支配下","2軍","日本人選手","2019","楽天","ドラフト2位","金沢","2012年","5","3年0日","435","3年0日","435","3年0日","435","3年0日","435","8年","725","725","9年","870","870","N","12.5","20","40.0","40","10.0","20.0","25.0","30.0","2","パ・リーグ","釜田","Yoshinao Kamata","釜田　佳直","釜田　佳直","カマタ　ヨシナオ","Yoshinao Kamata","","","","日本","楽天","金沢","","","","0","31535135","","10","20","25","30","","0.0","0.0","0.0","0.0","0.0","0.0","0.0","0.0","0.0","0.0","","","","","","","","","","","","","26","21"
"752810065","瀧中　瞭太","タキナカ　リョウタ","プロ(楽天)","楽天","210606393","楽天","投手","中継ぎ","なし","右","右","180","93","25","1994-12-20","支配下","2軍","日本人選手","2019","楽天","ドラフト6位","Honda鈴鹿","2020年","","","","","","","","","","","","","","","","N","30.0","30","0.0","","0.0","0.0","0.0","0.0","1","パ・リーグ","瀧中","Ryota Takinaka","瀧中　瞭太","瀧中　瞭太","タキナカ　リョウタ","Ryota Takinaka","","","","日本","楽天","Honda鈴鹿","龍谷大","","","0","","","","","","","","0.0","30.0","30.0","35.0","35.0","0.0","0.0","0.0","0.0","0.0","","30","30","35","35","","","","","","","","25","57"
"1002823961","石橋　良太","イシバシ　リョウタ","プロ(楽天)","楽天","210606393","楽天","投手","中継ぎ","先発","右","左","175","77","28","1991-06-06","支配下","2軍","日本人選手","2019","楽天","ドラフト5巡目","Honda","2016年","159","1年38日","183","1年38日","183","1年38日","183","1年38日","183","7年","832","832","9年","1122","1122","N","10.0","15","15.0","15","0.0","20.0","30.0","35.0","2","パ・リーグ","石橋","Ryota Ishibashi","石橋　良太","石橋　良太","イシバシ　リョウタ","Ryota Ishibashi","","","","日本","楽天","無所属","楽天","","","0","71375132","","","20","30","35","","40.0","0.0","0.0","0.0","0.0","0.0","0.0","0.0","0.0","0.0","40","","","","","","","","","","2018-07-27","2018-01-31","28","60"
"1011850533","池田　隆英","イケダ　タカヒデ","プロ(楽天)","楽天","210606393","楽天","投手","先発","なし","右","右","181","85","25","1994-10-01","育成","2軍","日本人選手","2019","楽天","ドラフト2巡目","創価大","2017年","0","62日","62","62日","62","62日","62","62日","62","7年","953","953","9年","1243","1243","N","15.5","25","26.3","30","0.0","0.0","25.8","30.0","10","パ・リーグ","池田","Takahide Ikeda","池田　隆英","池田　隆英","イケダ　タカヒデ","Takahide Ikeda","","","","日本","楽天","無所属","楽天","","","0","01105134","","","","30","35","","31.7","34.2","0.0","0.0","0.0","0.0","0.0","0.0","0.0","0.0","40","40","","","","","","","","","","","25","130"
"1073216926","渡辺　直人","ワタナベ　ナオト","プロ(楽天)","楽天","210606393","楽天","内野手","三塁手","三塁手","右","右","173","73","39","1980-10-15","支配下","2軍","日本人選手","2019","楽天","大学生・社会人ドラフト5巡目","三菱ふそう川崎","2007年","85","12年42日","1782","12年42日","1782","12年42日","1782","12年42日","1782","8年","0","0","9年","0","0","N","30.0","35","30.0","30","0.0","25.0","25.0","20.0","2","パ・リーグ","渡辺直","Naoto Watanabe","渡辺　直人","渡辺　直人","ワタナベ　ナオト","Naoto Watanabe","","","","日本","楽天","無所属","西武","","","0","81885114","","","25","25","20","","20.0","0.0","0.0","0.0","0.0","0.0","0.0","0.0","0.0","0.0","20","","","","","","","","","","","","39","26"
"1073217173","岸　孝之","キシ　タカユキ","プロ(楽天)","楽天","210606393","楽天","投手","先発","なし","右","右","180","77","35","1984-12-04","支配下","2軍","日本人選手","2019","西武","大学生・社会人ドラフト希望枠","東北学院大","2007年","100","12年90日","1830","12年90日","1830","2年100日","390","2年100日","390","4年","190","190","4年","190","190","N","40.0","45","45.0","45","0.0","0.0","37.5","37.5","3","パ・リーグ","岸","Takayuki Kishi","岸　孝之","岸　孝之","キシ　タカユキ","Takayuki Kishi","","","","日本","楽天","西武","東北学院大","","","1","91795114","","","","40","40","","32.5","30.0","0.0","0.0","0.0","0.0","0.0","0.0","0.0","0.0","35","30","","","","","","","","","","","35","11"
"1073217180","涌井　秀章","ワクイ　ヒデアキ","プロ(楽天)","楽天","210606393","楽天","投手","先発","中継ぎ","右","右","185","85","33","1986-06-21","支配下","2軍","日本人選手","2019","西武","ドラフト1巡目","横浜高","2005年","114","14年36日","2066","14年36日","2066","1年114日","259","1年114日","259","4年","321","321","4年","321","321","N","22.5","25","32.5","35","0.0","0.0","0.0","0.0","2","パ・リーグ","涌井","Hideaki Wakui","涌井　秀章","","","Hideaki Wakui","","","","日本","楽天","ロッテ","西武","","","0","31635110","","","","","","","0.0","0.0","0.0","0.0","0.0","0.0","0.0","0.0","0.0","0.0","","","","","","","","","","","","","33","16"
"1073217193","浅村　栄斗","アサムラ　ヒデト","プロ(楽天)","楽天","210606393","楽天","内野手","二塁手","一塁手","右","右","182","90","29","1990-11-12","支配下","2軍","日本人選手","2019","西武","ドラフト3位","大阪桐蔭","2009年","193","9年82日","1387","9年82日","1387","1年0日","145","1年0日","145","4年","435","435","4年","435","435","N","0.0","","0.0","","0.0","0.0","0.0","0.0","0","パ・リーグ","浅村","Hideto Asamura","浅村　栄斗","","","Hideto Asamura","","","","日本","楽天","西武","大阪桐蔭","","","0","51155118","","","","","","","0.0","0.0","0.0","0.0","0.0","0.0","0.0","0.0","0.0","0.0","","","","","","","","","","","","","29","3"
"1073217196","牧田　和久","マキタ　カズヒサ","プロ(楽天)","楽天","210606393","楽天","投手","先発","なし","右","右","177","82","35","1984-11-10","登録なし","無所属","日本人選手","2019","西武","ドラフト2位","日本通運","2011年","","","","7年0日","1015","","","7年0日","1015","7年","","0","9年","","290","N","0.0","","0.0","","0.0","0.0","0.0","0.0","0","パ・リーグ","牧田","Kazuhisa Makita","牧田　和久","","","Kazuhisa Makita","","","","日本","楽天","San Diego","西武","","","0","41445133","","","","","","","0.0","0.0","0.0","0.0","0.0","0.0","0.0","0.0","0.0","0.0","","","","","","","","","","","","","35","22"
"1073217251","山下　斐紹","ヤマシタ　アヤツグ","プロ(楽天)","楽天","210606393","楽天","捕手","捕手","一塁手","右","左","179","93","27","1992-11-16","支配下","2軍","日本人選手","2019","ソフトバンク","ドラフト1位","習志野","2011年","92","2年95日","385","2年95日","385","2年95日","385","2年95日","385","8年","775","775","9年","920","920","N","20.0","20","0.0","","0.0","0.0","0.0","25.0","1","パ・リーグ","山下","Ayatsugu Yamashita","山下　斐紹","山下　斐紹","ヤマシタ　アヤツグ","Ayatsugu Yamashita","","","","日本","楽天","ソフトバンク","習志野","","","0","71875133","","","","","25","","30.0","30.0","30.0","0.0","0.0","0.0","0.0","0.0","0.0","0.0","30","30","30","","","","","","","","","","27","29"
"1073217540","福井　優也","フクイ　ユウヤ","プロ(楽天)","楽天","210606393","楽天","投手","先発","中継ぎ","右","右","178","85","31","1988-02-08","支配下","2軍","日本人選手","2019","広島","ドラフト1位","早稲田大","2011年","38","4年116日","696","4年116日","696","4年116日","696","4年116日","696","7年","319","319","9年","609","609","N","25.0","25","35.0","35","0.0","0.0","0.0","0.0","1","パ・リーグ","福井","Yuya Fukui","福井　優也","福井　優也","フクイ　ユウヤ","Yuya Fukui","","","","日本","楽天","広島","早稲田大","","","0","31435133","","","","","","","0.0","0.0","0.0","0.0","0.0","0.0","0.0","0.0","0.0","0.0","","","","","","","","","","","","","32","31"
"1073217620","由規","ヨシノリ","プロ(楽天)","楽天","210606393","楽天","投手","先発","なし","右","左","179","80","30","1989-12-05","支配下","2軍","日本人選手","2019","ヤクルト","高校生ドラフト1巡目","仙台育英","2008年","1","3年91日","526","3年91日","526","3年91日","526","3年91日","526","8年","634","634","9年","779","779","N","0.0","","0.0","","0.0","0.0","0.0","0.0","0","パ・リーグ","由規","Yoshinori Sato","由規","佐藤　由規","サトウ　ヨシノリ","Yoshinori Sato","","","","日本","楽天","無所属","ヤクルト","","","1","81785116","","","","","","","0.0","0.0","0.0","0.0","0.0","0.0","0.0","0.0","0.0","0.0","","","","","","","","","","","2016-07-05","2016-01-29","30","63"
"1073217788","鈴木　大地","スズキ　ダイチ","プロ(楽天)","楽天","210606393","楽天","内野手","三塁手","なし","右","左","175","79","30","1989-08-18","支配下","2軍","日本人選手","2019","ロッテ","ドラフト3位","東洋大","2012年","180","7年130日","1145","7年130日","1145","7年130日","1145","7年130日","1145","7年","0","0","9年","160","160","N","0.0","","0.0","","0.0","0.0","0.0","0.0","0","パ・リーグ","鈴木大","Daichi Suzuki","鈴木　大地","鈴木　大地","スズキ　ダイチ","Daichi Suzuki","","","","日本","楽天","ロッテ","東洋大","","","0","81985135","","","","","","","0.0","0.0","0.0","0.0","0.0","0.0","0.0","0.0","0.0","0.0","","","","","","","","","","","","","30","7"
"1073221688","菅原　秀","スガハラ　シュウ","プロ(楽天)","楽天","210606393","楽天","投手","中継ぎ","なし","右","左","183","78","25","1994-04-05","支配下","2軍","日本人選手","2019","楽天","ドラフト4位","大阪体育大","2017年","74","1年117日","262","1年117日","262","1年117日","262","1年117日","262","7年","753","753","9年","1043","1043","N","17.5","20","0.0","","0.0","0.0","22.5","27.5","2","パ・リーグ","菅原","Shu Sugahara","菅原　秀","菅原　秀","スガハラ　シュウ","Shu Sugahara","","","","日本","楽天","大阪体育大","福井工大福井","","","0","81985134","","","","25","30","","35.0","37.5","0.0","0.0","0.0","0.0","0.0","0.0","0.0","0.0","35","40","","","","","","","","","","","25","45"
"1073221725","和田　恋","ワダ　レン","プロ(楽天)","楽天","210606393","楽天","外野手","一塁手","左翼手","右","右","180","93","24","1995-09-26","支配下","2軍","日本人選手","2019","巨人","ドラフト2位","高知","2014年","45","61日","61","61日","61","61日","61","61日","61","8年","1099","1099","9年","1244","1244","N","5.0","5","25.0","25","0.0","0.0","0.0","0.0","2","パ・リーグ","和田恋","Ren Wada","和田　恋","和田　恋","ワダ　レン","Ren Wada","","","","日本","楽天","巨人","高知","","","0","61665139","","","","","","","0.0","0.0","0.0","0.0","0.0","0.0","0.0","0.0","0.0","0.0","","","","","","","","","","","","","24","54"
"1073221736","近藤　弘樹","コンドウ　ヒロキ","プロ(楽天)","楽天","210606393","楽天","投手","先発","なし","右","右","186","96","24","1995-06-27","支配下","2軍","日本人選手","2019","楽天","ドラフト1位","岡山商科大","2018年","11","53日","53","53日","53","53日","53","53日","53","7年","962","962","9年","1252","1252","N","20.8","25","0.0","","0.0","0.0","0.0","25.8","6","パ・リーグ","近藤","Hiroki Kondo","近藤  弘樹","近藤　弘樹","コンドウ　ヒロキ","Hiroki Kondo","","","","日本","楽天","岡山商科大","市立安佐北","","","0","01705136","","","","","30","","30.0","33.3","36.7","0.0","0.0","0.0","0.0","0.0","0.0","0.0","35","40","45","","","","","","","","","","24","12"
"1073221780","下水流　昂","シモズル　コウ","プロ(楽天)","楽天","210606393","楽天","外野手","左翼手","右翼手","右","右","178","88","31","1988-04-23","支配下","2軍","日本人選手","2019","広島","ドラフト4位","Honda","2013年","98","2年110日","400","2年110日","400","2年110日","400","2年110日","400","7年","615","615","9年","905","905","N","10.0","10","25.0","30","0.0","0.0","0.0","0.0","2","パ・リーグ","下水流","Ko Shimozuru","下水流　昂","下水流　昂","シモズル　コウ","Ko Shimozuru","","","","日本","楽天","広島","Honda","","","0","91795137","","","","","","","0.0","0.0","0.0","0.0","0.0","0.0","0.0","0.0","0.0","0.0","","","","","","","","","","","","","31","46"
"1073223764","渡邊　佑樹","ワタナベ　ユウキ","プロ(楽天)","楽天","210606393","楽天","投手","先発","なし","左","左","183","85","24","1995-11-08","支配下","2軍","日本人選手","2019","楽天","ドラフト4位","横浜商科大","2018年","12","12日","12","12日","12","12日","12","12日","12","7年","1003","1003","9年","1293","1293","N","25.0","25","0.0","","0.0","0.0","0.0","25.0","1","パ・リーグ","渡邊佑","Yuki Watanabe","渡辺 佑樹","渡邊　佑樹","ワタナベ　ユウキ","Yuki Watanabe","","","","日本","楽天","横浜商科大","富士学苑","","","0","73375136","","","","","25","","30.0","30.0","35.0","0.0","0.0","0.0","0.0","0.0","0.0","0.0","30","30","35","","","","","","","","","","24","47"
"1073223810","高梨　雄平","タカナシ　ユウヘイ","プロ(楽天)","楽天","210606393","楽天","投手","中継ぎ","なし","左","左","175","81","27","1992-07-13","支配下","2軍","日本人選手","2019","楽天","ドラフト9巡目","JX-ENEOS","2017年","135","2年135日","425","2年135日","425","2年135日","425","2年135日","425","7年","590","590","9年","880","880","N","20.0","20","0.0","","0.0","0.0","25.0","25.0","1","パ・リーグ","高梨","Yuhei Takanashi","高梨　雄平","高梨　雄平","タカナシ　ユウヘイ","Yuhei Takanashi","","","","日本","楽天","JX-ENEOS","早稲田大","","","0","91095134","","","","25","25","","30.0","30.0","0.0","0.0","0.0","0.0","0.0","0.0","0.0","0.0","30","30","","","","","","","","","","","27","53"
"1073223827","森原　康平","モリハラ　コウヘイ","プロ(楽天)","楽天","210606393","楽天","投手","中継ぎ","抑え","右","左","185","88","28","1991-12-26","支配下","2軍","日本人選手","2019","楽天","ドラフト5巡目","新日鐵住金広畑","2017年","183","2年33日","323","2年33日","323","2年33日","323","2年33日","323","7年","692","692","9年","982","982","N","16.7","25","15.0","15","0.0","0.0","27.5","30.0","3","パ・リーグ","森原","Kohei Morihara","森原　康平","森原　康平","モリハラ　コウヘイ","Kohei Morihara","","","","日本","楽天","新日鐵住金広畑","近大工学部","","","0","93195134","","","","30","30","","32.5","32.5","0.0","0.0","0.0","0.0","0.0","0.0","0.0","0.0","35","35","","","","","","","","","","","28","13"
"1073223889","茂木　栄五郎","モギ　エイゴロウ","プロ(楽天)","楽天","210606393","楽天","内野手","遊撃手","なし","右","左","171","75","25","1994-02-14","支配下","2軍","日本人選手","2019","楽天","ドラフト3巡目","早稲田大","2016年","193","4年0日","580","4年0日","580","4年0日","580","4年0日","580","7年","435","435","9年","725","725","N","24.4","30","0.0","","0.0","29.4","31.9","36.9","8","パ・リーグ","茂木","Eigoro Mogi","茂木　栄五郎","茂木　栄五郎","モギ　エイゴロウ","Eigoro Mogi","","","","日本","楽天","早稲田大","桐蔭学園","","","0","61865132","","","35","40","45","","39.4","0.0","0.0","0.0","0.0","0.0","0.0","0.0","0.0","0.0","45","","","","","","","","","","","","26","5"
"1073224285","渡邊　佳明","ワタナベ　ヨシアキ","プロ(楽天)","楽天","210606393","楽天","内野手","三塁手","なし","右","左","180","79","23","1997-01-08","支配下","2軍","日本人選手","2019","楽天","ドラフト6位","明治大","2019年","142","142日","142","142日","142","142日","142","142日","142","7年","873","873","9年","1163","1163","N","15.0","15","0.0","","0.0","0.0","0.0","0.0","1","パ・リーグ","渡邊佳","Yoshiaki Watanabe","渡辺　佳明","渡邊　佳明","ワタナベ　ヨシアキ","Yoshiaki Watanabe","","","","日本","楽天","明治大","横浜高","","","0","73175138","","","","","","","20.0","25.0","25.0","30.0","0.0","0.0","0.0","0.0","0.0","0.0","20","25","25","30","","","","","","","","","23","48"
"1073224865","吉持　亮汰","ヨシモチ　リョウタ","プロ(楽天)","楽天","210606393","楽天","内野手","二塁手","なし","右","右","175","68","26","1993-11-04","育成","2軍","日本人選手","2019","楽天","ドラフト2巡目","大阪商業大","2016年","0","40日","40","40日","40","40日","40","40日","40","7年","975","975","9年","1265","1265","N","20.0","20","0.0","","0.0","25.0","27.5","32.5","2","パ・リーグ","吉持","Ryota Yoshimochi","吉持　亮汰","吉持　亮汰","ヨシモチ　リョウタ","Ryota Yoshimochi","","","","日本","楽天","無所属","楽天","","","0","33335132","","","25","30","35","","35.0","0.0","0.0","0.0","0.0","0.0","0.0","0.0","0.0","0.0","35","","","","","","","","","","","","26","008"
"1073225004","酒居　知史","サカイ　トモヒト","プロ(楽天)","楽天","210606393","楽天","投手","中継ぎ","先発","右","右","178","80","27","1993-01-02","支配下","2軍","日本人選手","2019","ロッテ","ドラフト2巡目","大阪ガス","2017年","158","2年25日","315","2年25日","315","2年25日","315","2年25日","315","7年","700","700","9年","990","990","N","20.0","20","0.0","","0.0","0.0","25.0","25.0","2","パ・リーグ","酒居","Tomohito Sakai","酒居　知史","酒居　知史","サカイ　トモヒト","Tomohito Sakai","","","","日本","楽天","ロッテ","大阪ガス","","","0","61765134","","","","25","25","","27.5","27.5","30.0","0.0","0.0","0.0","0.0","0.0","0.0","0.0","30","30","30","","","","","","","","","","27","28"
"1073225765","熊原　健人","クマバラ ケント","プロ(楽天)","楽天","210606393","楽天","投手","先発","なし","右","左","178","85","26","1993-10-19","支配下","2軍","日本人選手","2019","横浜","ドラフト2位","仙台大","2016年","1","91日","91","91日","91","91日","91","91日","91","7年","924","924","9年","1214","1214","N","28.8","35","0.0","","0.0","31.3","35.0","37.5","4","パ・リーグ","熊原","Kento Kumabara","","熊原　健人","クマバラ ケント","Kento Kumabara","","","","日本","楽天","横浜","仙台大","","","1","51755132","","","35","35","40","","40.0","30.0","30.0","0.0","0.0","0.0","0.0","0.0","0.0","0.0","40","30","30","","","","","","","","","","26","59"
"1073225918","山田　大樹","ヤマダ　ヒロキ","プロ(楽天)","不明","1073686297","無所属","内野手","一塁手","右翼手","右","左","174","89","22","1997-10-04","登録なし","無所属","日本人選手","2019","楽天","育成選手ドラフト2巡目","菰野","2016年","0","0日","0","0日","0","0日","0","0日","0","8年","1160","1160","9年","1305","1305","N","10.0","10","0.0","","0.0","10.0","10.0","15.0","1","無所属","山田","Hiroki Yamada","","山田　大樹","ヤマダ　ヒロキ","Hiroki Yamada","","","","日本","無所属","楽天","菰野","","","0","53155132","","","10","10","15","","15.0","0.0","0.0","0.0","0.0","0.0","0.0","0.0","0.0","0.0","15","","","","","","","","","","","","22",""
"1073225923","堀内　謙伍","ホリウチ　ケンゴ","プロ(楽天)","楽天","210606393","楽天","捕手","捕手","なし","右","左","174","82","22","1997-04-15","支配下","2軍","日本人選手","2019","楽天","ドラフト3巡目","静岡","2016年","145","1年25日","170","1年25日","170","1年25日","170","1年25日","170","8年","990","990","9年","1135","1135","N","15.0","15","0.0","","0.0","15.0","20.0","20.0","1","パ・リーグ","堀内","Kengo Horiuchi","","堀内　謙伍","ホリウチ　ケンゴ","Kengo Horiuchi","","","","日本","楽天","静岡","","","","0","11815132","","","15","20","20","","25.0","0.0","0.0","0.0","0.0","0.0","0.0","0.0","0.0","0.0","25","","","","","","","","","","","","22","65"
"1073225953","西口　直人","ニシグチ　ナオト","プロ(楽天)","楽天","210606393","楽天","投手","先発","なし","右","右","183","83","23","1996-11-14","支配下","2軍","日本人選手","2019","楽天","ドラフト10巡目","甲賀健康医療専門学校","2017年","0","1日","1","1日","1","1日","1","1日","1","7年","1014","1014","9年","1304","1304","N","15.0","15","0.0","","0.0","0.0","15.0","20.0","1","パ・リーグ","西口","Naoto Nishiguchi","","西口　直人","ニシグチ　ナオト","Naoto Nishiguchi","","","","日本","楽天","甲賀健康医療専門学校","山本","","","0","41445134","","","","15","20","","25.0","30.0","0.0","0.0","0.0","0.0","0.0","0.0","0.0","0.0","25","30","","","","","","","","","","","23","62"
"1073226350","太田　光","オオタ　ヒカル","プロ(楽天)","楽天","210606393","楽天","捕手","捕手","なし","右","右","178","76","23","1996-10-14","支配下","2軍","日本人選手","2019","楽天","ドラフト2位","大阪商業大","2019年","99","99日","99","99日","99","99日","99","99日","99","7年","916","916","9年","1206","1206","N","20.0","20","0.0","","0.0","0.0","0.0","0.0","1","パ・リーグ","太田","Hikaru Ota","","太田　光","オオタ　ヒカル","Hikaru Ota","","","","日本","楽天","大阪商業大","広陵","","","0","71375138","","","","","","","25.0","30.0","30.0","35.0","0.0","0.0","0.0","0.0","0.0","0.0","25","30","30","35","","","","","","","","","23","2"
"1073228414","オコエ　瑠偉","オコエ　ルイ","プロ(楽天)","楽天","210606393","楽天","外野手","中堅手","右翼手","右","右","185","90","22","1997-07-21","支配下","2軍","日本人選手","2019","楽天","ドラフト1巡目","関東第一","2016年","102","2年43日","333","2年43日","333","2年43日","333","2年43日","333","8年","827","827","9年","972","972","N","16.7","20","0.0","","0.0","20.0","23.3","28.3","3","パ・リーグ","オコエ","Louis Okoye","","オコエ　瑠偉","オコエ　ルイ","Louis Okoye","","","","日本","楽天","関東第一","","","","0","01505132","","","25","25","30","","31.7","0.0","0.0","0.0","0.0","0.0","0.0","0.0","0.0","0.0","35","","","","","","","","","","","","22","4"
"1073229622","村林　一輝","ムラバヤシ　イツキ","プロ(楽天)","楽天","210606393","楽天","内野手","遊撃手","二塁手","右","右","180","73","22","1997-10-06","支配下","2軍","日本人選手","2019","楽天","ドラフト7巡目","大塚","2016年","131","1年74日","219","1年74日","219","1年74日","219","1年74日","219","8年","941","941","9年","1086","1086","N","15.0","15","0.0","","0.0","15.0","20.0","25.0","1","パ・リーグ","村林","Itsuki Murabayashi","","村林　一輝","ムラバヤシ　イツキ","Itsuki Murabayashi","","","","日本","楽天","大塚","","","","0","41845132","","","15","20","25","","30.0","0.0","0.0","0.0","0.0","0.0","0.0","0.0","0.0","0.0","30","","","","","","","","","","","","22","66"
"1073229670","宋　家豪","ソン　チャーホウ","プロ(楽天)","楽天","210606393","楽天","投手","中継ぎ","抑え","右","左","185","92","27","1992-09-06","支配下","2軍","外国人選手(外国人枠)","2019","","外国人契約","","2016年","113","1年119日","264","1年119日","264","1年119日","264","1年119日","264","8年","896","896","9年","1041","1041","N","0.0","","0.0","","0.0","0.0","0.0","0.0","0","パ・リーグ","宋","Chia Hao Sung","","宋　家豪","ソン　チャーホウ","Chia Hao Sung","","","","台湾","楽天","無所属","国立台湾体育運動大学","","","0","73575132","","","","","","","0.0","0.0","0.0","0.0","0.0","0.0","0.0","0.0","0.0","0.0","","","","","","","","","","","2017-07-31","","27","43"
"1073229890","山﨑　剛","ヤマサキ　ツヨシ","プロ(楽天)","楽天","210606393","楽天","内野手","二塁手","遊撃手","右","左","173","74","24","1995-12-29","支配下","2軍","日本人選手","2019","楽天","ドラフト3位","國學院大","2018年","31","108日","108","108日","108","108日","108","108日","108","7年","907","907","9年","1197","1197","N","20.0","20","0.0","","0.0","0.0","0.0","25.0","3","パ・リーグ","山﨑","Tsuyoshi Yamasaki","","山﨑　剛","ヤマサキ　ツヨシ","Tsuyoshi Yamasaki","","","","日本","楽天","國學院大","日章学園","","","0","73175136","","","","","25","","30.0","31.7","35.0","0.0","0.0","0.0","0.0","0.0","0.0","0.0","30","35","35","","","","","","","","","","24","34"
"1073229989","千葉　耕太","チバ　コウタ","プロ(楽天)","不明","1073686297","無所属","投手","先発","左翼手","右","右","191","87","21","1998-04-22","登録なし","無所属","日本人選手","2019","楽天","育成選手ドラフト1巡目","花巻東","2017年","0","0日","0","0日","0","0日","0","0日","0","8年","1160","1160","9年","1305","1305","N","10.0","10","0.0","","0.0","0.0","15.0","20.0","1","無所属","千葉","Kota Chiba","","千葉　耕太","チバ　コウタ","Kota Chiba","","","","日本","無所属","楽天","花巻東","","","1","21225134","","","","15","20","","20.0","25.0","0.0","0.0","0.0","0.0","0.0","0.0","0.0","0.0","20","25","","","","","","","","","","","21",""
"1073229991","石原　彪","イシハラ　ツヨシ","プロ(楽天)","楽天","210606393","楽天","捕手","捕手","一塁手","右","右","172","96","20","1999-03-08","支配下","2軍","日本人選手","2019","楽天","ドラフト8巡目","京都翔英","2017年","8","23日","23","23日","23","23日","23","23日","23","8年","1137","1137","9年","1282","1282","N","10.0","10","0.0","","0.0","0.0","10.0","15.0","1","パ・リーグ","石原","Tsuyoshi Ishihara","","石原　彪","イシハラ　ツヨシ","Tsuyoshi Ishihara","","","","日本","楽天","京都翔英","","","","0","61165134","","","","10","15","","15.0","20.0","0.0","0.0","0.0","0.0","0.0","0.0","0.0","0.0","15","20","","","","","","","","","","","21","70"
"1073230292","岩見　雅紀","イワミ　マサキ","プロ(楽天)","楽天","210606393","楽天","外野手","左翼手","一塁手","右","右","187","108","25","1994-07-10","支配下","2軍","日本人選手","2019","楽天","ドラフト2位","慶應義塾大","2018年","0","23日","23","23日","23","23日","23","23日","23","7年","992","992","9年","1282","1282","N","15.0","15","0.0","","0.0","0.0","0.0","17.5","2","パ・リーグ","岩見","Masaki Iwami","","岩見　雅紀","イワミ　マサキ","Masaki Iwami","","","","日本","楽天","慶應義塾大","比叡山","","","0","51355136","","","","","20","","25.0","27.5","32.5","0.0","0.0","0.0","0.0","0.0","0.0","0.0","25","30","35","","","","","","","","","","25","38"
"1073230370","辰己　涼介","タツミ　リョウスケ","プロ(楽天)","楽天","210606393","楽天","外野手","中堅手","なし","右","左","180","74","23","1996-12-27","支配下","2軍","日本人選手","2019","楽天","ドラフト1位","立命館大","2019年","182","1年0日","145","1年0日","145","1年0日","145","1年0日","145","7年","870","870","9年","1160","1160","N","24.4","30","0.0","","0.0","0.0","0.0","0.0","9","パ・リーグ","辰己","Ryosuke Tatsumi","","辰己　涼介","タツミ　リョウスケ","Ryosuke Tatsumi","","","","日本","楽天","立命館大","社","","","0","11015138","","","","","","","28.3","32.2","36.7","38.9","0.0","0.0","0.0","0.0","0.0","0.0","35","40","45","45","","","","","","","","","23","8"
"1073230456","耀飛","アキト","プロ(楽天)","楽天","210606393","楽天","外野手","左翼手","中堅手","右","右","180","96","23","1996-03-05","育成","2軍","日本人選手","2019","楽天","ドラフト5位","兵庫ブルーサンダーズ","2018年","0","0日","0","0日","0","0日","0","0日","0","7年","1015","1015","9年","1305","1305","N","15.0","15","0.0","","0.0","0.0","0.0","15.0","1","パ・リーグ","耀飛","Akito","","田中　耀飛","タナカ　アキト","Akito Tanaka","","","","日本","楽天","無所属","楽天","","","0","31135136","","","","","15","","20.0","20.0","25.0","0.0","0.0","0.0","0.0","0.0","0.0","0.0","20","20","25","","","","","","","","","","24","150"
"1073230512","田中　和基","タナカ　カズキ","プロ(楽天)","楽天","210606393","楽天","外野手","中堅手","なし","右","両","181","75","25","1994-08-08","支配下","2軍","日本人選手","2019","楽天","ドラフト3巡目","立教大","2017年","82","2年57日","347","2年57日","347","2年57日","347","2年57日","347","7年","668","668","9年","958","958","N","17.5","20","0.0","","0.0","0.0","22.5","27.5","2","パ・リーグ","田中","Kazuki Tanaka","","田中　和基","タナカ　カズキ","Kazuki Tanaka","","","","日本","楽天","立教大","西南学院","","","0","11215134","","","","25","30","","30.0","37.5","0.0","0.0","0.0","0.0","0.0","0.0","0.0","0.0","30","40","","","","","","","","","","","25","25"
"1073230677","藤平　尚真","フジヒラ　ショウマ","プロ(楽天)","楽天","210606393","楽天","投手","先発","なし","右","右","185","85","21","1998-09-21","支配下","2軍","日本人選手","2019","楽天","ドラフト1巡目","横浜高","2017年","11","1年28日","173","1年28日","173","1年28日","173","1年28日","173","8年","987","987","9年","1132","1132","N","20.6","25","0.0","","0.0","0.0","23.9","28.9","9","パ・リーグ","藤平","Shoma Fujihira","","藤平　尚真","フジヒラ　ショウマ","Shoma Fujihira","","","","日本","楽天","高校日本代表2016","横浜高","","","0","61665134","","","","30","35","","32.8","37.8","0.0","0.0","0.0","0.0","0.0","0.0","0.0","0.0","40","45","","","","","","","","","","","21","19"
"1073230778","木村　敏靖","キムラ　トシヤス","プロ(楽天)","楽天","210606393","楽天","投手","先発","なし","右","左","176","78","24","1995-09-14","育成","2軍","日本人選手","2019","楽天","育成選手ドラフト4巡目","履正社医療スポーツ専門学校","2017年","0","0日","0","0日","0","0日","0","0日","0","7年","1015","1015","9年","1305","1305","N","15.0","15","0.0","","0.0","0.0","15.0","20.0","1","パ・リーグ","木村","Toshiyasu Kimura","","木村　敏靖","キムラ　トシヤス","Toshiyasu Kimura","","","","日本","楽天","無所属","楽天","","","0","61565134","","","","15","20","","25.0","30.0","0.0","0.0","0.0","0.0","0.0","0.0","0.0","0.0","25","30","","","","","","","","","","","24","131"
"1073230796","鶴田　圭祐","ツルタ　ケイスケ","プロ(楽天)","不明","1073686297","無所属","投手","中継ぎ","なし","左","左","180","88","25","1994-05-12","登録なし","無所属","日本人選手","2019","楽天","ドラフト6巡目","帝京大準硬式野球部","2017年","0","0日","0","0日","0","0日","0","0日","0","7年","1015","1015","9年","1305","1305","N","10.0","10","0.0","","0.0","0.0","15.0","20.0","2","無所属","鶴田","Keisuke Tsuruta","","鶴田　圭祐","ツルタ　ケイスケ","Keisuke Tsuruta","","","","日本","無所属","楽天","無所属","","","0","61265134","","","","15","20","","25.0","30.0","0.0","0.0","0.0","0.0","0.0","0.0","0.0","0.0","25","30","","","","","","","","","","","25",""
"1073230916","野元　浩輝","ノモト　ヒロキ","プロ(楽天)","不明","1073686297","無所属","投手","先発","なし","右","右","181","73","21","1998-05-16","登録なし","無所属","日本人選手","2019","楽天","ドラフト7巡目","佐世保工","2017年","0","0日","0","0日","0","0日","0","0日","0","8年","1160","1160","9年","1305","1305","N","10.0","10","0.0","","0.0","0.0","15.0","21.7","3","無所属","野元","Hiroki Nomoto","","野元　浩輝","ノモト　ヒロキ","Hiroki Nomoto","","","","日本","無所属","楽天","無所属","","","0","81485134","","","","15","25","","26.7","30.0","30.0","0.0","0.0","0.0","0.0","0.0","0.0","0.0","30","30","30","","","","","","","","","","21",""
"1073232062","寺岡　寛治","テラオカ　カンジ","プロ(楽天)","楽天","210606393","楽天","投手","中継ぎ","なし","右","右","180","89","27","1992-12-03","支配下","2軍","日本人選手","2019","楽天","ドラフト7位","石川ミリオンスターズ","2018年","3","3日","3","3日","3","3日","3","3日","3","7年","1012","1012","9年","1302","1302","N","22.5","25","0.0","","0.0","0.0","0.0","27.5","2","パ・リーグ","寺岡","Kanji Teraoka","","寺岡　寛治","テラオカ　カンジ","Kanji Teraoka","","","","日本","楽天","無所属","楽天","","","0","71275136","","","","","30","","27.5","27.5","27.5","0.0","0.0","0.0","0.0","0.0","0.0","0.0","30","30","30","","","","","","","","","","27","68"
"1073232391","松本　京志郎","マツモト　キョウシロウ","プロ(楽天)","楽天","210606393","楽天","内野手","二塁手","三塁手","右","左","172","72","20","1999-09-21","育成","2軍","日本人選手","2019","楽天","育成選手ドラフト2位","光南","2018年","0","0日","0","0日","0","0日","0","0日","0","8年","1160","1160","9年","1305","1305","N","15.0","15","0.0","","0.0","0.0","0.0","20.0","1","パ・リーグ","松本","Kyoshiro Matsumoto","","松本　京志郎","マツモト　キョウシロウ","Kyoshiro Matsumoto","","","","日本","楽天","光南","","","","1","31835136","","","","","20","","20.0","25.0","30.0","0.0","0.0","0.0","0.0","0.0","0.0","0.0","20","25","30","","","","","","","","","","20","133"
"1073232483","鈴木　翔天","スズキ　ソラ","プロ(楽天)","楽天","210606393","楽天","投手","先発","なし","左","左","185","82","23","1996-08-19","支配下","2軍","日本人選手","2019","楽天","ドラフト8位","富士大","2019年","0","0日","0","0日","0","0日","0","0日","0","7年","1015","1015","9年","1305","1305","N","20.0","20","0.0","","0.0","0.0","0.0","0.0","1","パ・リーグ","鈴木翔","Sora Suzuki","","鈴木　翔天","スズキ　ソラ","Sora Suzuki","","","","日本","楽天","富士大","向上","","","0","01905138","","","","","","","30.0","30.0","35.0","35.0","0.0","0.0","0.0","0.0","0.0","0.0","30","30","35","35","","","","","","","","","23","56"
"1073232558","南　要輔","ミナミ　ヨウスケ","プロ(楽天)","楽天","210606393","楽天","内野手","遊撃手","三塁手","右","右","175","73","25","1994-08-07","育成","2軍","日本人選手","2019","楽天","育成選手ドラフト2巡目","明星大","2017年","0","0日","0","0日","0","0日","0","0日","0","7年","1015","1015","9年","1305","1305","N","0.0","","0.0","","0.0","0.0","0.0","0.0","0","パ・リーグ","南","Yosuke Minami","","南　要輔","ミナミ　ヨウスケ","Yosuke Minami","","","","日本","楽天","無所属","楽天","","","0","13115134","","","","","","","0.0","0.0","0.0","0.0","0.0","0.0","0.0","0.0","0.0","0.0","","","","","","","","","","","","","25","129"
"1073233048","井手　亮太郎","イデ　リョウタロウ","プロ(楽天)","不明","1073686297","無所属","投手","先発","なし","右","左","185","83","23","1996-03-20","登録なし","無所属","日本人選手","2019","楽天","育成選手ドラフト1位","九州産業大","2018年","0","0日","0","0日","0","0日","0","0日","0","7年","1015","1015","9年","1305","1305","N","10.0","10","0.0","","0.0","0.0","0.0","12.5","2","無所属","井手","Ryotaro Ide","","井手　亮太郎","イデ　リョウタロウ","Ryotaro Ide","","","","日本","無所属","楽天","九州産業大","","","0","61165136","","","","","15","","22.5","25.0","27.5","0.0","0.0","0.0","0.0","0.0","0.0","0.0","30","30","30","","","","","","","","","","24",""
"1073233428","小深田　大翔","コブカタ　ヒロト","プロ(楽天)","楽天","210606393","楽天","内野手","遊撃手","なし","右","左","168","69","24","1995-09-28","支配下","2軍","日本人選手","2019","楽天","ドラフト1位","大阪ガス","2020年","","","","","","","","","","","","","","","","N","20.0","20","0.0","","0.0","0.0","0.0","0.0","1","パ・リーグ","小深田","Hiroto Kobukata","","小深田　大翔","コブカタ　ヒロト","Hiroto Kobukata","","","","日本","楽天","大阪ガス","近畿大","","","0","","","","","","","","0.0","25.0","30.0","30.0","30.0","0.0","0.0","0.0","0.0","0.0","","25","30","30","30","","","","","","","","24","0"
"1073233621","引地　秀一郎","ヒキジ　シュウイチロウ","プロ(楽天)","楽天","210606393","楽天","投手","先発","なし","右","右","188","84","19","2000-06-03","支配下","2軍","日本人選手","2019","楽天","ドラフト3位","倉敷商","2019年","0","0日","0","0日","0","0日","0","0日","0","8年","1160","1160","9年","1305","1305","N","10.0","10","0.0","","0.0","0.0","0.0","0.0","1","パ・リーグ","引地","Shuichiro Hikiji","","引地　秀一郎","ヒキジ　シュウイチロウ","Shuichiro Hikiji","","","","日本","楽天","倉敷商","","","","0","41445138","","","","","","","20.0","25.0","30.0","40.0","0.0","0.0","0.0","0.0","0.0","0.0","20","25","30","40","","","","","","","","","19","39"
"1073234055","黒川　史陽","クロカワ　フミヤ","プロ(楽天)","楽天","210606393","楽天","内野手","二塁手","なし","右","左","182","85","18","2001-04-17","支配下","2軍","日本人選手","2019","楽天","ドラフト2位","智辯和歌山","2020年","","","","","","","","","","","","","","","","N","15.0","15","0.0","","0.0","0.0","0.0","0.0","1","パ・リーグ","黒川","Fumiya Kurokawa","","黒川　史陽","クロカワ　フミヤ","Fumiya Kurokawa","","","","日本","楽天","智辯和歌山","","","","0","","","","","","","","0.0","15.0","15.0","20.0","20.0","0.0","0.0","0.0","0.0","0.0","","15","15","20","20","","","","","","","","18","24"
"1073234190","中村　和希","ナカムラ　カズキ","プロ(楽天)","楽天","210606393","楽天","外野手","右翼手","左翼手","左","左","173","75","24","1995-10-26","育成","2軍","日本人選手","2019","楽天","育成選手ドラフト3位","天理大","2018年","0","0日","0","0日","0","0日","0","0日","0","7年","1015","1015","9年","1305","1305","N","0.0","","0.0","","0.0","0.0","0.0","0.0","0","パ・リーグ","中村","Kazuki Nakamura","","中村　和希","ナカムラ　カズキ","Kazuki Nakamura","","","","日本","楽天","天理大","大阪桐蔭","","","0","61265136","","","","","","","0.0","0.0","0.0","0.0","0.0","0.0","0.0","0.0","0.0","0.0","","","","","","","","","","","","","24","134"
"1073235152","佐藤　智輝","サトウ　トモキ","プロ(楽天)","楽天","210606393","楽天","投手","先発","なし","左","左","183","80","19","2000-06-05","支配下","2軍","日本人選手","2019","楽天","ドラフト5位","山形中央","2019年","0","0日","0","0日","0","0日","0","0日","0","8年","1160","1160","9年","1305","1305","N","15.0","15","0.0","","0.0","0.0","0.0","0.0","1","パ・リーグ","佐藤","Tomoki Sato","","佐藤　智輝","サトウ　トモキ","Tomoki Sato","","","","日本","楽天","山形中央","","","","1","61765138","","","","","","","20.0","20.0","25.0","30.0","0.0","0.0","0.0","0.0","0.0","0.0","20","20","25","30","","","","","","","","","19","61"
"1073235256","弓削　隼人","ユゲ　ハヤト","プロ(楽天)","楽天","210606393","楽天","投手","先発","なし","左","左","193","105","25","1994-04-06","支配下","2軍","日本人選手","2019","楽天","ドラフト4位","SUBARU","2019年","60","60日","60","60日","60","60日","60","60日","60","7年","955","955","9年","1245","1245","N","15.0","15","0.0","","0.0","0.0","0.0","0.0","1","パ・リーグ","弓削","Hayato Yuge","","弓削　隼人","ユゲ　ハヤト","Hayato Yuge","","","","日本","楽天","SUBARU","日本大","","","0","61865138","","","","","","","20.0","25.0","30.0","30.0","0.0","0.0","0.0","0.0","0.0","0.0","20","25","30","30","","","","","","","","","25","23"
"1073235260","則本　佳樹","ノリモト　ヨシキ","プロ(楽天)","楽天","210606393","楽天","投手","先発","なし","右","左","174","79","25","1994-05-14","育成","2軍","日本人選手","2019","楽天","育成選手ドラフト2位","山岸ロジスターズ","2019年","0","0日","0","","","0日","0","","","","","","","","","N","0.0","","0.0","","0.0","0.0","0.0","0.0","0","パ・リーグ","則本佳","Yoshiki Norimoto","","則本　佳樹","ノリモト　ヨシキ","Yoshiki Norimoto","","","","日本","楽天","山岸ロジスターズ","","","","0","51455138","","","","","","","0.0","0.0","0.0","0.0","0.0","0.0","0.0","0.0","0.0","0.0","","","","","","","","","","","","","25","136"
"1073235411","清宮　虎多朗","セイミヤ　コタロウ","プロ(楽天)","楽天","210606393","楽天","投手","先発","なし","右","左","190","84","19","2000-05-26","育成","2軍","日本人選手","2019","楽天","育成選手ドラフト1位","八千代松陰","2019年","0","0日","0","","","0日","0","","","","","","","","","N","10.0","10","0.0","","0.0","0.0","0.0","0.0","1","パ・リーグ","清宮","Kotaro Seimiya","","清宮　虎多朗","セイミヤ　コタロウ","Kotaro Seimiya","","","","日本","楽天","八千代松陰","","","","0","41945138","","","","","","","15.0","20.0","20.0","25.0","0.0","0.0","0.0","0.0","0.0","0.0","15","20","20","25","","","","","","","","","19","135"
"1073236129","小峯　新陸","コミネ　シンリ","プロ(楽天)","楽天","210606393","楽天","投手","先発","なし","右","左","189","88","18","2001-12-01","育成","2軍","日本人選手","2019","楽天","育成選手ドラフト2位","鹿児島城西","2020年","","","","","","","","","","","","","","","","N","15.0","15","0.0","","0.0","0.0","0.0","0.0","2","パ・リーグ","小峯","Shinri Komine","","小峯　新陸","コミネ　シンリ","Shinri Komine","","","","日本","楽天","鹿児島城西","","","","0","","","","","","","","0.0","15.0","17.5","25.0","32.5","0.0","0.0","0.0","0.0","0.0","","15","20","30","35","","","","","","","","18","138"
"1073236207","澤野　聖悠","サワノ　キヨハル","プロ(楽天)","楽天","210606393","楽天","内野手","遊撃手","なし","右","左","184","84","17","2002-03-09","育成","2軍","日本人選手","2019","楽天","育成選手ドラフト4位","誉","2020年","","","","","","","","","","","","","","","","N","15.0","15","0.0","","0.0","0.0","0.0","0.0","1","パ・リーグ","澤野","Kiyoharyu Sawano","","澤野　聖悠","サワノ　キヨハル","Kiyoharu Sawano","","","","日本","楽天","誉","","","","0","","","","","","","","0.0","15.0","15.0","20.0","25.0","0.0","0.0","0.0","0.0","0.0","","15","15","20","25","","","","","","","","18","141"
"1073236271","福森　耀真","フクモリ　ヨウマ","プロ(楽天)","楽天","210606393","楽天","投手","中継ぎ","なし","右","右","178","87","22","1997-09-27","支配下","2軍","日本人選手","2019","楽天","ドラフト5位","九州産業大","2020年","","","","","","","","","","","","","","","","N","20.0","20","0.0","","0.0","0.0","0.0","0.0","1","パ・リーグ","福森","Yoma Fukumori","","福森　耀真","フクモリ　ヨウマ","Yoma Fukumori","","","","日本","楽天","九州産業大","北九州","","","0","","","","","","","","0.0","25.0","30.0","35.0","35.0","0.0","0.0","0.0","0.0","0.0","","25","30","35","35","","","","","","","","22","49"
"1073236445","山﨑　真彰","ヤマザキ　マアキ","プロ(楽天)","楽天","210606393","楽天","内野手","遊撃手","なし","右","左","182","84","24","1995-09-26","育成","2軍","日本人選手","2019","楽天","育成選手ドラフト3位","University of Hawaii","2020年","","","","","","","","","","","","","","","","N","15.0","15","0.0","","0.0","0.0","0.0","0.0","1","パ・リーグ","山﨑","Maaki Yamazaki","","山﨑　真彰","ヤマザキ　マアキ","Maaki Yamazaki","","","","日本","楽天","University of Hawaii","東京国際大","","","0","","","","","","","","0.0","20.0","25.0","25.0","30.0","0.0","0.0","0.0","0.0","0.0","","20","25","25","30","","","","","","","","24","140"
"1073236515","津留﨑　大成","ツルサキ　タイセイ","プロ(楽天)","楽天","210606393","楽天","投手","中継ぎ","なし","右","右","177","85","22","1997-10-10","支配下","2軍","日本人選手","2019","楽天","ドラフト3位","慶應義塾大","2020年","","","","","","","","","","","","","","","","N","15.0","15","0.0","","0.0","0.0","0.0","0.0","1","パ・リーグ","津留﨑","Taisei Tsurusaki","","津留﨑　大成","ツルサキ　タイセイ","Taisei Tsurusaki","","","","日本","楽天","慶應義塾大","慶應義塾","","","0","","","","","","","","0.0","20.0","20.0","25.0","25.0","0.0","0.0","0.0","0.0","0.0","","20","20","25","25","","","","","","","","22","52"
"1073236555","武藤　敦貴","ムトウ　アツキ","プロ(楽天)","楽天","210606393","楽天","外野手","中堅手","なし","左","左","178","73","18","2001-06-15","支配下","2軍","日本人選手","2019","楽天","ドラフト4位","都城東","2020年","","","","","","","","","","","","","","","","N","15.0","15","0.0","","0.0","0.0","0.0","0.0","2","パ・リーグ","武藤","Atsuki Muto","","武藤　敦貴","ムトウ　アツキ","Atsuki Muto","","","","日本","楽天","都城東","","","","0","","","","","","","","0.0","17.5","22.5","27.5","30.0","0.0","0.0","0.0","0.0","0.0","","20","25","30","35","","","","","","","","18","71"
"1073236557","江川　侑斗","エガワ　ユウト","プロ(楽天)","楽天","210606393","楽天","捕手","捕手","なし","右","右","177","81","18","2001-06-29","育成","2軍","日本人選手","2019","楽天","育成選手ドラフト1位","大分","2020年","","","","","","","","","","","","","","","","N","15.0","15","0.0","","0.0","0.0","0.0","0.0","1","パ・リーグ","江川","Yuto Egawa","","江川　侑斗","エガワ　ユウト","Yuto Egawa","","","","日本","楽天","大分","","","","0","","","","","","","","0.0","15.0","20.0","25.0","35.0","0.0","0.0","0.0","0.0","0.0","","15","20","25","35","","","","","","","","18","137"
"1073236944","水上　桂","ミズカミ　ケイ","プロ(楽天)","楽天","210606393","楽天","捕手","捕手","なし","右","右","172","73","18","2001-07-05","支配下","2軍","日本人選手","2019","楽天","ドラフト7位","明石商","2020年","","","","","","","","","","","","","","","","N","0.0","","0.0","","0.0","0.0","0.0","0.0","0","パ・リーグ","水上","Kei Mizukami","","水上　桂","ミズカミ　ケイ","Kei Mizukami","","","","日本","楽天","明石商","","","","0","","","","","","","","0.0","0.0","0.0","0.0","0.0","0.0","0.0","0.0","0.0","0.0","","","","","","","","","","","","","18","78"
"1073234539","J.T. シャギワ","J.T. シャギワ","プロ(楽天)","楽天","210606393","楽天","投手","中継ぎ","なし","右","両","190","90","29","1990-12-03","","","","2020","","","","","0","0日","0","0日","0","0日","0","0日","0","8年","1160","1160","9年","1305","1305","S","0.0","","0.0","","0.0","0.0","0.0","0.0","0","パ・リーグ","","JT Chargois","","","","Jon Thomas Chargois","","","","アメリカ","楽天","Los Angeles(NL)","Minnesota","13767","","0","","","","","","","","0.0","0.0","0.0","0.0","0.0","0.0","0.0","0.0","0.0","0.0","","","","","","","","","","","","","29","15"
